,Day,Ad group,Avg. CPC,CTR,Campaign,Clicks,Conv. rate,Conversions,Cost,Cost / conv.,Final URL,Impr.,Keyword,Keyword status,Max. CPC,Mobile final URL,Status
0,31-08-2018,jbdon_ppc_adgroup,2.490562575,16.89414414,jbdon_ppc,75,0.225225225,1,1105.809783,1105.809783,Text,7501,keyword,Active,2.6,Text,Active
1,01-09-2018,jbdon_ppc_adgroup,2.472161269,5.976133652,jbdon_ppc,17,1.193317422,5,1035.835572,207.1671143,Text,2504,keyword,Active,2.6,Text,Active
2,02-09-2018,jbdon_ppc_adgroup,2.508560732,6.824919441,jbdon_ppc,3,0.107411386,1,2335.470042,2335.470042,Text,6354,keyword,Active,2.6,Text,Active
3,03-09-2018,jbdon_ppc_adgroup,2.548918687,8.058365759,jbdon_ppc,99,2.723735409,7,655.0721025,93.58172892,Text,2071,keyword,Active,2.6,Text,Active
4,04-09-2018,jbdon_ppc_adgroup,2.414867769,6.884937238,jbdon_ppc,93,1.464435146,7,1154.306794,164.9009705,Text,3291,keyword,Active,2.6,Text,Active
5,05-09-2018,jbdon_ppc_adgroup,2.452470587,5.673491379,jbdon_ppc,27,0.969827586,9,2275.892705,252.8769672,Text,5265,keyword,Active,2.6,Text,Active
6,06-09-2018,jbdon_ppc_adgroup,2.457438987,114.4788732,jbdon_ppc,13,7.042253521,5,174.4781681,34.89563362,Text,8128,keyword,Active,2.6,Text,Active
7,07-09-2018,jbdon_ppc_adgroup,2.418805027,2.911144578,jbdon_ppc,25,0.15060241,1,1606.086538,1606.086538,Text,1933,keyword,Active,2.6,Text,Active
8,08-09-2018,jbdon_ppc_adgroup,2.547457,19.21727749,jbdon_ppc,47,1.570680628,6,973.1285739,162.1880957,Text,7341,keyword,Active,2.6,Text,Active
9,09-09-2018,jbdon_ppc_adgroup,2.508790632,30.20740741,jbdon_ppc,25,2.592592593,7,677.3734706,96.76763865,Text,8156,keyword,Active,2.6,Text,Active
10,10-09-2018,jbdon_ppc_adgroup,2.472637478,6.453790239,jbdon_ppc,10,0.20768432,2,2381.149891,1190.574946,Text,6215,keyword,Active,2.6,Text,Active
11,11-09-2018,jbdon_ppc_adgroup,2.400507638,19.14135021,jbdon_ppc,13,0.421940928,2,1137.84062,568.9203101,Text,9073,keyword,Active,2.6,Text,Active
12,12-09-2018,jbdon_ppc_adgroup,2.438614246,33.5326087,jbdon_ppc,37,1.449275362,4,673.057532,168.264383,Text,9255,keyword,Active,2.6,Text,Active
13,13-09-2018,jbdon_ppc_adgroup,2.41938372,0.227272727,jbdon_ppc,21,0.737100737,6,1969.378348,328.2297246,Text,185,keyword,Active,2.6,Text,Active
14,14-09-2018,jbdon_ppc_adgroup,2.522451651,9.375189107,jbdon_ppc,17,0.605143722,4,1667.340541,416.8351353,Text,6197,keyword,Active,2.6,Text,Active
15,15-09-2018,jbdon_ppc_adgroup,2.438762659,8.314285714,jbdon_ppc,93,0.357142857,2,1365.707089,682.8535445,Text,4656,keyword,Active,2.6,Text,Active
16,16-09-2018,jbdon_ppc_adgroup,2.42660835,13.09064748,jbdon_ppc,77,0.143884892,1,1686.492803,1686.492803,Text,9098,keyword,Active,2.6,Text,Active
17,17-09-2018,jbdon_ppc_adgroup,2.493435892,4.556414219,jbdon_ppc,50,0.154559505,1,1613.253022,1613.253022,Text,2948,keyword,Active,2.6,Text,Active
18,18-09-2018,jbdon_ppc_adgroup,2.42071826,4.856382979,jbdon_ppc,6,0.212765957,2,2275.475165,1137.737582,Text,4565,keyword,Active,2.6,Text,Active
19,19-09-2018,jbdon_ppc_adgroup,2.407761644,13.95317221,jbdon_ppc,76,1.359516616,9,1593.938208,177.1042454,Text,9237,keyword,Active,2.6,Text,Active
20,20-09-2018,jbdon_ppc_adgroup,2.390330338,10.25046729,jbdon_ppc,63,0.373831776,2,1278.826731,639.4133653,Text,5484,keyword,Active,2.6,Text,Active
21,21-09-2018,jbdon_ppc_adgroup,2.48573416,0.042592593,jbdon_ppc,12,1.666666667,9,1342.296446,149.1440496,Text,23,keyword,Active,2.6,Text,Active
22,22-09-2018,jbdon_ppc_adgroup,2.541129542,9.173529412,jbdon_ppc,48,2.941176471,10,863.9840443,86.39840443,Text,3119,keyword,Active,2.6,Text,Active
23,23-09-2018,jbdon_ppc_adgroup,2.516037021,71.3826087,jbdon_ppc,44,1.739130435,2,289.3442574,144.6721287,Text,8209,keyword,Active,2.6,Text,Active
24,24-09-2018,jbdon_ppc_adgroup,2.536656968,1210.166667,jbdon_ppc,86,150,9,15.21994181,1.691104645,Text,7261,keyword,Active,2.6,Text,Active
25,25-09-2018,jbdon_ppc_adgroup,2.428055954,10.77016743,jbdon_ppc,73,0.304414003,2,1595.232762,797.6163809,Text,7076,keyword,Active,2.6,Text,Active
26,26-09-2018,jbdon_ppc_adgroup,2.532326467,2.224165342,jbdon_ppc,99,1.271860095,8,1592.833348,199.1041685,Text,1399,keyword,Active,2.6,Text,Active
27,27-09-2018,jbdon_ppc_adgroup,2.530508195,10.31842105,jbdon_ppc,73,0.526315789,2,961.5931139,480.796557,Text,3921,keyword,Active,2.6,Text,Active
28,28-09-2018,jbdon_ppc_adgroup,2.502736917,3.419928826,jbdon_ppc,20,0.355871886,1,703.2690738,703.2690738,Text,961,keyword,Active,2.6,Text,Active
29,29-09-2018,jbdon_ppc_adgroup,2.483913358,25.31746032,jbdon_ppc,41,3.968253968,5,312.9730831,62.59461661,Text,3190,keyword,Active,2.6,Text,Active
30,30-09-2018,jbdon_ppc_adgroup,2.431778641,7.516166282,jbdon_ppc,59,0.461893764,4,2105.920303,526.4800759,Text,6509,keyword,Active,2.6,Text,Active
31,01-10-2018,jbdon_ppc_adgroup,2.500744903,27.02473498,jbdon_ppc,52,3.180212014,9,707.7108077,78.63453418,Text,7648,keyword,Active,2.6,Text,Active
32,02-10-2018,jbdon_ppc_adgroup,2.525253683,6.546242775,jbdon_ppc,93,0.289017341,1,873.7377745,873.7377745,Text,2265,keyword,Active,2.6,Text,Active
33,03-10-2018,jbdon_ppc_adgroup,2.500227504,27.19672131,jbdon_ppc,90,14.75409836,9,152.5138777,16.94598641,Text,1659,keyword,Active,2.6,Text,Active
34,04-10-2018,jbdon_ppc_adgroup,2.461719461,3.121904762,jbdon_ppc,5,0.380952381,2,1292.402717,646.2013585,Text,1639,keyword,Active,2.6,Text,Active
35,05-10-2018,jbdon_ppc_adgroup,2.484200833,9.17826087,jbdon_ppc,39,1.956521739,9,1142.732383,126.9702648,Text,4222,keyword,Active,2.6,Text,Active
36,06-10-2018,jbdon_ppc_adgroup,2.41495181,2.944668008,jbdon_ppc,89,0.100603622,1,2400.462099,2400.462099,Text,2927,keyword,Active,2.6,Text,Active
37,07-10-2018,jbdon_ppc_adgroup,2.46663382,10.5243309,jbdon_ppc,37,0.608272506,5,2027.573,405.5146,Text,8651,keyword,Active,2.6,Text,Active
38,08-10-2018,jbdon_ppc_adgroup,2.401743616,0.72653885,jbdon_ppc,23,0.706357215,7,2380.127923,340.0182747,Text,720,keyword,Active,2.6,Text,Active
39,09-10-2018,jbdon_ppc_adgroup,2.393398733,42.74193548,jbdon_ppc,66,5.806451613,9,370.9768036,41.21964484,Text,6625,keyword,Active,2.6,Text,Active
40,10-10-2018,jbdon_ppc_adgroup,2.440766236,18.76558603,jbdon_ppc,27,0.249376559,1,978.7472608,978.7472608,Text,7525,keyword,Active,2.6,Text,Active
41,11-10-2018,jbdon_ppc_adgroup,2.535214901,24.47368421,jbdon_ppc,42,15.78947368,9,144.5072494,16.05636104,Text,1395,keyword,Active,2.6,Text,Active
42,12-10-2018,jbdon_ppc_adgroup,2.418069794,6.698076923,jbdon_ppc,67,0.576923077,3,1257.396293,419.1320976,Text,3483,keyword,Active,2.6,Text,Active
43,13-10-2018,jbdon_ppc_adgroup,2.442080744,1.539568345,jbdon_ppc,31,0.71942446,1,339.4492234,339.4492234,Text,214,keyword,Active,2.6,Text,Active
44,14-10-2018,jbdon_ppc_adgroup,2.436789247,2.549261084,jbdon_ppc,89,1.231527094,5,989.3364342,197.8672868,Text,1035,keyword,Active,2.6,Text,Active
45,15-10-2018,jbdon_ppc_adgroup,2.41420844,11.68939394,jbdon_ppc,80,1.325757576,7,1274.702056,182.1002937,Text,6172,keyword,Active,2.6,Text,Active
46,16-10-2018,jbdon_ppc_adgroup,2.443113722,5.781294964,jbdon_ppc,10,0.863309353,6,1697.964037,282.9940061,Text,4018,keyword,Active,2.6,Text,Active
47,17-10-2018,jbdon_ppc_adgroup,2.531506033,36.59375,jbdon_ppc,55,6.25,2,81.00819305,40.50409652,Text,1171,keyword,Active,2.6,Text,Active
48,18-10-2018,jbdon_ppc_adgroup,2.483157986,5.718309859,jbdon_ppc,23,1.877934272,4,528.9126509,132.2281627,Text,1218,keyword,Active,2.6,Text,Active
49,19-10-2018,jbdon_ppc_adgroup,2.422328186,8.840108401,jbdon_ppc,30,1.35501355,5,893.8391008,178.7678202,Text,3262,keyword,Active,2.6,Text,Active
50,20-10-2018,jbdon_ppc_adgroup,2.530193997,9.305832148,jbdon_ppc,55,0.142247511,1,1778.72638,1778.72638,Text,6542,keyword,Active,2.6,Text,Active
51,21-10-2018,jbdon_ppc_adgroup,2.533207382,9.702554745,jbdon_ppc,91,1.642335766,9,1388.197645,154.2441828,Text,5317,keyword,Active,2.6,Text,Active
52,22-10-2018,jbdon_ppc_adgroup,2.529774379,16.77725118,jbdon_ppc,30,4.739336493,10,533.782394,53.3782394,Text,3540,keyword,Active,2.6,Text,Active
53,23-10-2018,jbdon_ppc_adgroup,2.491948227,17.7688172,jbdon_ppc,69,1.612903226,9,1390.507111,154.5007901,Text,9915,keyword,Active,2.6,Text,Active
54,24-10-2018,jbdon_ppc_adgroup,2.488690196,5.121069182,jbdon_ppc,73,0.628930818,4,1582.806965,395.7017412,Text,3257,keyword,Active,2.6,Text,Active
55,25-10-2018,jbdon_ppc_adgroup,2.494696883,2.053333333,jbdon_ppc,69,0.727272727,6,2058.124929,343.0208214,Text,1694,keyword,Active,2.6,Text,Active
56,26-10-2018,jbdon_ppc_adgroup,2.463627272,6.844331641,jbdon_ppc,53,0.846023689,5,1456.003717,291.2007435,Text,4045,keyword,Active,2.6,Text,Active
57,27-10-2018,jbdon_ppc_adgroup,2.41173075,17.54198473,jbdon_ppc,73,3.053435115,4,315.9367283,78.98418208,Text,2298,keyword,Active,2.6,Text,Active
58,28-10-2018,jbdon_ppc_adgroup,2.420604441,2.014851485,jbdon_ppc,76,3.465346535,7,488.9620971,69.85172816,Text,407,keyword,Active,2.6,Text,Active
59,29-10-2018,jbdon_ppc_adgroup,2.503856936,10.14869888,jbdon_ppc,17,0.991325898,8,2020.612548,252.5765684,Text,8190,keyword,Active,2.6,Text,Active
60,30-10-2018,jbdon_ppc_adgroup,2.457321589,17.35804702,jbdon_ppc,57,1.446654611,8,1358.898839,169.8623548,Text,9599,keyword,Active,2.6,Text,Active
61,31-10-2018,jbdon_ppc_adgroup,2.458930326,11.815,jbdon_ppc,78,0.125,1,1967.144261,1967.144261,Text,9452,keyword,Active,2.6,Text,Active
62,01-11-2018,jbdon_ppc_adgroup,2.424474475,49.82222222,jbdon_ppc,69,0.555555556,1,436.4054055,436.4054055,Text,8968,keyword,Active,2.6,Text,Active
63,02-11-2018,jbdon_ppc_adgroup,2.500499173,5.406698565,jbdon_ppc,73,1.196172249,10,2090.417308,209.0417308,Text,4520,keyword,Active,2.6,Text,Active
64,03-11-2018,jbdon_ppc_adgroup,2.424705941,8.652522936,jbdon_ppc,1,0.458715596,4,2114.34358,528.5858951,Text,7545,keyword,Active,2.6,Text,Active
65,04-11-2018,jbdon_ppc_adgroup,2.443409452,5.565027322,jbdon_ppc,46,0.43715847,4,2235.719649,558.9299122,Text,5092,keyword,Active,2.6,Text,Active
66,05-11-2018,jbdon_ppc_adgroup,2.526095565,13.14529915,jbdon_ppc,47,0.427350427,3,1773.319087,591.1063622,Text,9228,keyword,Active,2.6,Text,Active
67,06-11-2018,jbdon_ppc_adgroup,2.547975993,3.987110634,jbdon_ppc,56,0.751879699,7,2372.16565,338.8808071,Text,3712,keyword,Active,2.6,Text,Active
68,07-11-2018,jbdon_ppc_adgroup,2.432070706,17.9057377,jbdon_ppc,57,0.409836066,2,1186.850505,593.4252523,Text,8738,keyword,Active,2.6,Text,Active
69,08-11-2018,jbdon_ppc_adgroup,2.407825109,12.03899721,jbdon_ppc,62,2.78551532,10,864.4092141,86.44092141,Text,4322,keyword,Active,2.6,Text,Active
70,09-11-2018,jbdon_ppc_adgroup,2.541496288,5.019736842,jbdon_ppc,28,0.986842105,3,772.6148715,257.5382905,Text,1526,keyword,Active,2.6,Text,Active
71,10-11-2018,jbdon_ppc_adgroup,2.492857103,10.89031339,jbdon_ppc,7,0.854700855,6,1749.985686,291.664281,Text,7645,keyword,Active,2.6,Text,Active
72,11-11-2018,jbdon_ppc_adgroup,2.44557192,0.966463415,jbdon_ppc,43,1.524390244,5,802.1475898,160.429518,Text,317,keyword,Active,2.6,Text,Active
73,12-11-2018,jbdon_ppc_adgroup,2.441785632,12.43614458,jbdon_ppc,31,0.963855422,4,1013.341037,253.3352593,Text,5161,keyword,Active,2.6,Text,Active
74,13-11-2018,jbdon_ppc_adgroup,2.472132105,10.51617874,jbdon_ppc,83,1.078582435,7,1604.413736,229.2019623,Text,6825,keyword,Active,2.6,Text,Active
75,14-11-2018,jbdon_ppc_adgroup,2.493481044,7.372679045,jbdon_ppc,32,0.132625995,1,1880.084708,1880.084708,Text,5559,keyword,Active,2.6,Text,Active
76,15-11-2018,jbdon_ppc_adgroup,2.458179495,7.973045822,jbdon_ppc,14,0.134770889,1,1823.969186,1823.969186,Text,5916,keyword,Active,2.6,Text,Active
77,16-11-2018,jbdon_ppc_adgroup,2.502746321,34.84090909,jbdon_ppc,51,2.727272727,6,550.6041907,91.76736511,Text,7665,keyword,Active,2.6,Text,Active
78,17-11-2018,jbdon_ppc_adgroup,2.508701658,217.5666667,jbdon_ppc,48,20,6,75.26104974,12.54350829,Text,6527,keyword,Active,2.6,Text,Active
79,18-11-2018,jbdon_ppc_adgroup,2.390498404,25.01166181,jbdon_ppc,10,1.749271137,6,819.9409527,136.6568255,Text,8579,keyword,Active,2.6,Text,Active
80,19-11-2018,jbdon_ppc_adgroup,2.497640609,8.037362637,jbdon_ppc,28,0.879120879,8,2272.852954,284.1066193,Text,7314,keyword,Active,2.6,Text,Active
81,20-11-2018,jbdon_ppc_adgroup,2.482036747,4.475675676,jbdon_ppc,92,1.351351351,10,1836.707193,183.6707193,Text,3312,keyword,Active,2.6,Text,Active
82,21-11-2018,jbdon_ppc_adgroup,2.48148558,10.71214642,jbdon_ppc,15,0.499168053,3,1491.372833,497.1242778,Text,6438,keyword,Active,2.6,Text,Active
83,22-11-2018,jbdon_ppc_adgroup,2.468870277,9.31010929,jbdon_ppc,61,0.273224044,2,1807.213042,903.6065212,Text,6815,keyword,Active,2.6,Text,Active
84,23-11-2018,jbdon_ppc_adgroup,2.500650429,2.87276551,jbdon_ppc,6,0.105152471,1,2378.118558,2378.118558,Text,2732,keyword,Active,2.6,Text,Active
85,24-11-2018,jbdon_ppc_adgroup,2.498573077,16.18466899,jbdon_ppc,9,1.567944251,9,1434.180946,159.3534385,Text,9290,keyword,Active,2.6,Text,Active
86,25-11-2018,jbdon_ppc_adgroup,2.410564645,42.22764228,jbdon_ppc,19,4.87804878,6,296.4994513,49.41657522,Text,5194,keyword,Active,2.6,Text,Active
87,26-11-2018,jbdon_ppc_adgroup,2.469762746,0.792682927,jbdon_ppc,94,0.975609756,8,2025.205451,253.1506814,Text,650,keyword,Active,2.6,Text,Active
88,27-11-2018,jbdon_ppc_adgroup,2.403928806,6.222336066,jbdon_ppc,39,0.307377049,3,2346.234515,782.0781716,Text,6073,keyword,Active,2.6,Text,Active
89,28-11-2018,jbdon_ppc_adgroup,2.547605602,3.496342738,jbdon_ppc,41,0.626959248,6,2438.058561,406.3430935,Text,3346,keyword,Active,2.6,Text,Active
90,29-11-2018,jbdon_ppc_adgroup,2.454560128,44.08849558,jbdon_ppc,67,0.884955752,1,277.3652945,277.3652945,Text,4982,keyword,Active,2.6,Text,Active
91,30-11-2018,jbdon_ppc_adgroup,2.454537007,18.49595142,jbdon_ppc,89,1.012145749,5,1212.541282,242.5082563,Text,9137,keyword,Active,2.6,Text,Active
92,01-12-2018,jbdon_ppc_adgroup,2.491004343,0.572670807,jbdon_ppc,58,0.621118012,5,2005.258496,401.0516993,Text,461,keyword,Active,2.6,Text,Active
93,02-12-2018,jbdon_ppc_adgroup,2.474376584,2.904819277,jbdon_ppc,33,1.084337349,9,2053.732565,228.1925072,Text,2411,keyword,Active,2.6,Text,Active
94,03-12-2018,jbdon_ppc_adgroup,2.531708552,5.684146341,jbdon_ppc,91,0.12195122,1,2076.001013,2076.001013,Text,4661,keyword,Active,2.6,Text,Active
95,04-12-2018,jbdon_ppc_adgroup,2.548929022,7.202043133,jbdon_ppc,25,0.56753689,5,2245.606468,449.1212936,Text,6345,keyword,Active,2.6,Text,Active
96,05-12-2018,jbdon_ppc_adgroup,2.533878597,2.886178862,jbdon_ppc,79,0.304878049,3,2493.33654,831.1121799,Text,2840,keyword,Active,2.6,Text,Active
97,06-12-2018,jbdon_ppc_adgroup,2.496812333,6.398210291,jbdon_ppc,25,0.223713647,1,1116.075113,1116.075113,Text,2860,keyword,Active,2.6,Text,Active
98,07-12-2018,jbdon_ppc_adgroup,2.402612824,12.91729323,jbdon_ppc,13,1.503759398,2,319.5475055,159.7737528,Text,1718,keyword,Active,2.6,Text,Active
99,08-12-2018,jbdon_ppc_adgroup,2.504377813,23.27027027,jbdon_ppc,89,3.088803089,8,648.6338537,81.07923171,Text,6027,keyword,Active,2.6,Text,Active
100,09-12-2018,jbdon_ppc_adgroup,2.442095324,19.37654321,jbdon_ppc,44,4.938271605,8,395.6194425,49.45243032,Text,3139,keyword,Active,2.6,Text,Active
101,10-12-2018,jbdon_ppc_adgroup,2.452770009,4.147450111,jbdon_ppc,72,0.22172949,2,2212.398548,1106.199274,Text,3741,keyword,Active,2.6,Text,Active
102,11-12-2018,jbdon_ppc_adgroup,2.410143864,14.58461538,jbdon_ppc,100,1.230769231,4,783.296756,195.824189,Text,4740,keyword,Active,2.6,Text,Active
103,12-12-2018,jbdon_ppc_adgroup,2.515003722,13.2614601,jbdon_ppc,17,0.509337861,3,1481.337192,493.7790641,Text,7811,keyword,Active,2.6,Text,Active
104,13-12-2018,jbdon_ppc_adgroup,2.51252206,324.5,jbdon_ppc,64,300,6,5.02504412,0.837507353,Text,649,keyword,Active,2.6,Text,Active
105,14-12-2018,jbdon_ppc_adgroup,2.50409223,11.48054475,jbdon_ppc,20,0.583657588,3,1287.103406,429.0344687,Text,5901,keyword,Active,2.6,Text,Active
106,15-12-2018,jbdon_ppc_adgroup,2.418508899,0.811680572,jbdon_ppc,65,1.191895113,10,2029.128966,202.9128966,Text,681,keyword,Active,2.6,Text,Active
107,16-12-2018,jbdon_ppc_adgroup,2.477608807,62.29139073,jbdon_ppc,65,5.298013245,8,374.1189299,46.76486624,Text,9406,keyword,Active,2.6,Text,Active
108,17-12-2018,jbdon_ppc_adgroup,2.496244267,14.215311,jbdon_ppc,21,1.116427432,7,1565.145155,223.592165,Text,8913,keyword,Active,2.6,Text,Active
109,18-12-2018,jbdon_ppc_adgroup,2.398681162,8.689119171,jbdon_ppc,45,1.165803109,9,1851.781857,205.7535397,Text,6708,keyword,Active,2.6,Text,Active
110,19-12-2018,jbdon_ppc_adgroup,2.391490733,1.739350913,jbdon_ppc,54,0.101419878,1,2358.009863,2358.009863,Text,1715,keyword,Active,2.6,Text,Active
111,20-12-2018,jbdon_ppc_adgroup,2.445895092,33.60795455,jbdon_ppc,28,2.840909091,5,430.4775362,86.09550723,Text,5915,keyword,Active,2.6,Text,Active
112,21-12-2018,jbdon_ppc_adgroup,2.530973613,2.431164902,jbdon_ppc,49,0.302571861,2,1672.973558,836.486779,Text,1607,keyword,Active,2.6,Text,Active
113,22-12-2018,jbdon_ppc_adgroup,2.451705031,0.866888519,jbdon_ppc,17,0.831946755,5,1473.474723,294.6949447,Text,521,keyword,Active,2.6,Text,Active
114,23-12-2018,jbdon_ppc_adgroup,2.409990816,9.08974359,jbdon_ppc,4,0.815850816,7,2067.772121,295.3960172,Text,7799,keyword,Active,2.6,Text,Active
115,24-12-2018,jbdon_ppc_adgroup,2.401496222,9.927659574,jbdon_ppc,42,0.85106383,6,1693.054837,282.1758061,Text,6999,keyword,Active,2.6,Text,Active
116,25-12-2018,jbdon_ppc_adgroup,2.460765497,3.17251462,jbdon_ppc,83,0.730994152,5,1683.1636,336.6327201,Text,2170,keyword,Active,2.6,Text,Active
117,26-12-2018,jbdon_ppc_adgroup,2.497567073,4.04468599,jbdon_ppc,17,0.845410628,7,2067.985537,295.4265053,Text,3349,keyword,Active,2.6,Text,Active
118,27-12-2018,jbdon_ppc_adgroup,2.486440678,6.536036036,jbdon_ppc,32,0.45045045,3,1655.969492,551.9898305,Text,4353,keyword,Active,2.6,Text,Active
119,28-12-2018,jbdon_ppc_adgroup,2.406269824,9.802105263,jbdon_ppc,74,0.736842105,7,2285.956333,326.5651904,Text,9312,keyword,Active,2.6,Text,Active
120,29-12-2018,jbdon_ppc_adgroup,2.474586022,9.675373134,jbdon_ppc,21,2.611940299,7,663.1890539,94.74129341,Text,2593,keyword,Active,2.6,Text,Active
121,30-12-2018,jbdon_ppc_adgroup,2.398790272,8.940797941,jbdon_ppc,11,0.514800515,4,1863.860042,465.9650104,Text,6947,keyword,Active,2.6,Text,Active
122,31-12-2018,jbdon_ppc_adgroup,2.393573784,4.689202825,jbdon_ppc,37,0.706357215,7,2372.03162,338.86166,Text,4647,keyword,Active,2.6,Text,Active
123,01-01-2019,jbdon_ppc_adgroup,2.487831951,1.103723404,jbdon_ppc,3,1.329787234,10,1870.849627,187.0849627,Text,830,keyword,Active,2.6,Text,Active
124,02-01-2019,jbdon_ppc_adgroup,2.458760173,10.97109827,jbdon_ppc,31,0.433526012,3,1701.46204,567.1540134,Text,7592,keyword,Active,2.6,Text,Active
125,03-01-2019,jbdon_ppc_adgroup,2.480653577,17.71189591,jbdon_ppc,94,1.301115242,7,1334.591624,190.6559463,Text,9529,keyword,Active,2.6,Text,Active
126,04-01-2019,jbdon_ppc_adgroup,2.405696152,11.8302583,jbdon_ppc,46,2.21402214,6,651.9436571,108.6572762,Text,3206,keyword,Active,2.6,Text,Active
127,05-01-2019,jbdon_ppc_adgroup,2.497785844,1.892857143,jbdon_ppc,95,3.246753247,10,769.3180399,76.93180399,Text,583,keyword,Active,2.6,Text,Active
128,06-01-2019,jbdon_ppc_adgroup,2.417916652,9.187626775,jbdon_ppc,57,0.304259635,3,2384.065819,794.6886062,Text,9059,keyword,Active,2.6,Text,Active
129,07-01-2019,jbdon_ppc_adgroup,2.49190778,4.687585266,jbdon_ppc,73,0.409276944,3,1826.568403,608.8561343,Text,3436,keyword,Active,2.6,Text,Active
130,08-01-2019,jbdon_ppc_adgroup,2.536238586,9.454035874,jbdon_ppc,97,0.448430493,4,2262.324819,565.5812047,Text,8433,keyword,Active,2.6,Text,Active
131,09-01-2019,jbdon_ppc_adgroup,2.520224569,12.62280702,jbdon_ppc,44,8.771929825,10,287.3056008,28.73056008,Text,1439,keyword,Active,2.6,Text,Active
132,10-01-2019,jbdon_ppc_adgroup,2.458839903,19.3485342,jbdon_ppc,90,1.954397394,6,754.8638501,125.8106417,Text,5940,keyword,Active,2.6,Text,Active
133,11-01-2019,jbdon_ppc_adgroup,2.466504293,25.74679487,jbdon_ppc,12,1.282051282,4,769.5493395,192.3873349,Text,8033,keyword,Active,2.6,Text,Active
134,12-01-2019,jbdon_ppc_adgroup,2.518277737,18.99013807,jbdon_ppc,39,0.591715976,3,1276.766813,425.5889375,Text,9628,keyword,Active,2.6,Text,Active
135,13-01-2019,jbdon_ppc_adgroup,2.449206244,11.16524217,jbdon_ppc,53,1.13960114,8,1719.342784,214.9178479,Text,7838,keyword,Active,2.6,Text,Active
136,14-01-2019,jbdon_ppc_adgroup,2.407638017,7.046698873,jbdon_ppc,39,0.161030596,1,1495.143209,1495.143209,Text,4376,keyword,Active,2.6,Text,Active
137,15-01-2019,jbdon_ppc_adgroup,2.395215366,5.890643985,jbdon_ppc,2,0.729040097,6,1971.262246,328.5437077,Text,4848,keyword,Active,2.6,Text,Active
138,16-01-2019,jbdon_ppc_adgroup,2.406082202,2.411494253,jbdon_ppc,96,0.91954023,4,1046.645758,261.6614395,Text,1049,keyword,Active,2.6,Text,Active
139,17-01-2019,jbdon_ppc_adgroup,2.416378501,14.23269231,jbdon_ppc,61,1.923076923,10,1256.51682,125.651682,Text,7401,keyword,Active,2.6,Text,Active
140,18-01-2019,jbdon_ppc_adgroup,2.424795989,7.200918485,jbdon_ppc,73,0.114810563,1,2111.997306,2111.997306,Text,6272,keyword,Active,2.6,Text,Active
141,19-01-2019,jbdon_ppc_adgroup,2.469641739,38.78832117,jbdon_ppc,33,2.919708029,4,338.3409182,84.58522956,Text,5314,keyword,Active,2.6,Text,Active
142,20-01-2019,jbdon_ppc_adgroup,2.545913708,3.71827957,jbdon_ppc,83,1.720430108,8,1183.849874,147.9812343,Text,1729,keyword,Active,2.6,Text,Active
143,21-01-2019,jbdon_ppc_adgroup,2.481282216,5.480256137,jbdon_ppc,86,0.747065101,7,2324.961437,332.1373481,Text,5135,keyword,Active,2.6,Text,Active
144,22-01-2019,jbdon_ppc_adgroup,2.489882392,10.86065574,jbdon_ppc,70,1.147540984,7,1518.828259,216.9754656,Text,6625,keyword,Active,2.6,Text,Active
145,23-01-2019,jbdon_ppc_adgroup,2.471187934,11.80357143,jbdon_ppc,80,2.380952381,4,415.159573,103.7898932,Text,1983,keyword,Active,2.6,Text,Active
146,24-01-2019,jbdon_ppc_adgroup,2.479188957,0.070769231,jbdon_ppc,25,0.923076923,3,805.7364111,268.5788037,Text,23,keyword,Active,2.6,Text,Active
147,25-01-2019,jbdon_ppc_adgroup,2.417572636,67.35074627,jbdon_ppc,10,3.731343284,5,323.9547332,64.79094664,Text,9025,keyword,Active,2.6,Text,Active
148,26-01-2019,jbdon_ppc_adgroup,2.494703494,9.495400788,jbdon_ppc,63,0.262812089,2,1898.469359,949.2346793,Text,7226,keyword,Active,2.6,Text,Active
149,27-01-2019,jbdon_ppc_adgroup,2.449983239,8.062692703,jbdon_ppc,32,1.027749229,10,2383.833691,238.3833691,Text,7845,keyword,Active,2.6,Text,Active
150,28-01-2019,jbdon_ppc_adgroup,2.526549,10.20945083,jbdon_ppc,13,0.766283525,6,1978.287867,329.7146445,Text,7994,keyword,Active,2.6,Text,Active
151,29-01-2019,jbdon_ppc_adgroup,2.467758495,7.844571429,jbdon_ppc,80,1.028571429,9,2159.288683,239.9209648,Text,6864,keyword,Active,2.6,Text,Active
152,30-01-2019,jbdon_ppc_adgroup,2.531773207,10.14346895,jbdon_ppc,17,0.96359743,9,2364.676175,262.7417972,Text,9474,keyword,Active,2.6,Text,Active
153,31-01-2019,jbdon_ppc_adgroup,2.448105623,6.530237581,jbdon_ppc,84,0.971922246,9,2266.945807,251.8828674,Text,6047,keyword,Active,2.6,Text,Active
154,01-02-2019,jbdon_ppc_adgroup,2.407814343,12.42475728,jbdon_ppc,82,1.213592233,5,992.0195092,198.4039018,Text,5119,keyword,Active,2.6,Text,Active
155,02-02-2019,jbdon_ppc_adgroup,2.474089771,4.968237705,jbdon_ppc,52,0.409836066,4,2414.711616,603.6779041,Text,4849,keyword,Active,2.6,Text,Active
156,03-02-2019,jbdon_ppc_adgroup,2.40206065,8.919905771,jbdon_ppc,16,0.942285041,8,2039.349492,254.9186865,Text,7573,keyword,Active,2.6,Text,Active
157,04-02-2019,jbdon_ppc_adgroup,2.442107331,4.067226891,jbdon_ppc,35,1.008403361,6,1453.053862,242.1756437,Text,2420,keyword,Active,2.6,Text,Active
158,05-02-2019,jbdon_ppc_adgroup,2.522190244,6.979166667,jbdon_ppc,38,2.604166667,10,968.5210536,96.85210536,Text,2680,keyword,Active,2.6,Text,Active
159,06-02-2019,jbdon_ppc_adgroup,2.533466418,3.023178808,jbdon_ppc,9,0.993377483,3,765.1068581,255.0356194,Text,913,keyword,Active,2.6,Text,Active
160,07-02-2019,jbdon_ppc_adgroup,2.393319623,3.642011834,jbdon_ppc,63,0.295857988,2,1617.884065,808.9420325,Text,2462,keyword,Active,2.6,Text,Active
161,08-02-2019,jbdon_ppc_adgroup,2.54206497,9.030063291,jbdon_ppc,92,1.265822785,8,1606.585061,200.8231326,Text,5707,keyword,Active,2.6,Text,Active
162,09-02-2019,jbdon_ppc_adgroup,2.503981172,3.155467721,jbdon_ppc,17,0.790513834,6,1900.52171,316.7536183,Text,2395,keyword,Active,2.6,Text,Active
163,10-02-2019,jbdon_ppc_adgroup,2.526793062,1.053905391,jbdon_ppc,57,0.330033003,3,2296.854893,765.6182977,Text,958,keyword,Active,2.6,Text,Active
164,11-02-2019,jbdon_ppc_adgroup,2.529820522,76.76,jbdon_ppc,40,8,4,126.4910261,31.62275652,Text,3838,keyword,Active,2.6,Text,Active
165,12-02-2019,jbdon_ppc_adgroup,2.546272191,2.414454277,jbdon_ppc,100,0.147492625,1,1726.372546,1726.372546,Text,1637,keyword,Active,2.6,Text,Active
166,13-02-2019,jbdon_ppc_adgroup,2.4210129,10.28571429,jbdon_ppc,91,0.655307995,5,1847.232843,369.4465686,Text,7848,keyword,Active,2.6,Text,Active
167,14-02-2019,jbdon_ppc_adgroup,2.410076796,615.8333333,jbdon_ppc,77,116.6666667,7,14.46046078,2.065780111,Text,3695,keyword,Active,2.6,Text,Active
168,15-02-2019,jbdon_ppc_adgroup,2.495305289,16.48198198,jbdon_ppc,13,0.45045045,2,1107.915548,553.9577741,Text,7318,keyword,Active,2.6,Text,Active
169,16-02-2019,jbdon_ppc_adgroup,2.456951732,15.30769231,jbdon_ppc,84,2.461538462,8,798.5093131,99.81366413,Text,4975,keyword,Active,2.6,Text,Active
170,17-02-2019,jbdon_ppc_adgroup,2.528069583,17.87703436,jbdon_ppc,78,0.180831826,1,1398.022479,1398.022479,Text,9886,keyword,Active,2.6,Text,Active
171,18-02-2019,jbdon_ppc_adgroup,2.513293202,0.948603352,jbdon_ppc,84,0.111731844,1,2249.397416,2249.397416,Text,849,keyword,Active,2.6,Text,Active
172,19-02-2019,jbdon_ppc_adgroup,2.46055987,14.83448276,jbdon_ppc,46,6.896551724,10,356.7811812,35.67811812,Text,2151,keyword,Active,2.6,Text,Active
173,20-02-2019,jbdon_ppc_adgroup,2.416831082,17.16923077,jbdon_ppc,22,1.978021978,9,1099.658142,122.184238,Text,7812,keyword,Active,2.6,Text,Active
174,21-02-2019,jbdon_ppc_adgroup,2.442586383,10.67011643,jbdon_ppc,100,0.776196636,6,1888.119274,314.6865456,Text,8248,keyword,Active,2.6,Text,Active
175,22-02-2019,jbdon_ppc_adgroup,2.50296711,0.329639889,jbdon_ppc,78,1.108033241,4,903.5711267,225.8927817,Text,119,keyword,Active,2.6,Text,Active
176,23-02-2019,jbdon_ppc_adgroup,2.412623413,9.882736156,jbdon_ppc,76,2.280130293,7,740.6753879,105.8107697,Text,3034,keyword,Active,2.6,Text,Active
177,24-02-2019,jbdon_ppc_adgroup,2.395175458,1.990521327,jbdon_ppc,100,2.843601896,6,505.3820216,84.23033694,Text,420,keyword,Active,2.6,Text,Active
178,25-02-2019,jbdon_ppc_adgroup,2.410156067,7.954898911,jbdon_ppc,81,1.555209953,10,1549.730351,154.9730351,Text,5115,keyword,Active,2.6,Text,Active
179,26-02-2019,jbdon_ppc_adgroup,2.518204645,5.144893112,jbdon_ppc,65,1.06888361,9,2120.328311,235.5920345,Text,4332,keyword,Active,2.6,Text,Active
180,27-02-2019,jbdon_ppc_adgroup,2.405241774,317.1612903,jbdon_ppc,34,3.225806452,1,74.562495,74.562495,Text,9832,keyword,Active,2.6,Text,Active
181,28-02-2019,jbdon_ppc_adgroup,2.45908791,9.534591195,jbdon_ppc,13,1.572327044,5,781.9899554,156.3979911,Text,3032,keyword,Active,2.6,Text,Active
182,01-03-2019,jbdon_ppc_adgroup,2.461339287,3.580060423,jbdon_ppc,38,1.510574018,5,814.7033041,162.9406608,Text,1185,keyword,Active,2.6,Text,Active
183,02-03-2019,jbdon_ppc_adgroup,2.399617551,85.26666667,jbdon_ppc,63,5.714285714,6,251.9598429,41.99330715,Text,8953,keyword,Active,2.6,Text,Active
184,03-03-2019,jbdon_ppc_adgroup,2.454323946,36.35028249,jbdon_ppc,18,3.389830508,6,434.4153385,72.40255642,Text,6434,keyword,Active,2.6,Text,Active
185,04-03-2019,jbdon_ppc_adgroup,2.526419907,14.78823529,jbdon_ppc,86,7.058823529,6,214.7456921,35.79094869,Text,1257,keyword,Active,2.6,Text,Active
186,05-03-2019,jbdon_ppc_adgroup,2.536341235,12.6075188,jbdon_ppc,41,0.15037594,1,1686.666921,1686.666921,Text,8384,keyword,Active,2.6,Text,Active
187,06-03-2019,jbdon_ppc_adgroup,2.393716847,8.614266843,jbdon_ppc,39,1.188903567,9,1812.043653,201.3381837,Text,6521,keyword,Active,2.6,Text,Active
188,07-03-2019,jbdon_ppc_adgroup,2.441450876,21.75055188,jbdon_ppc,62,1.986754967,9,1105.977247,122.8863607,Text,9853,keyword,Active,2.6,Text,Active
189,08-03-2019,jbdon_ppc_adgroup,2.529722501,9.675869121,jbdon_ppc,50,0.920245399,9,2474.068606,274.8965118,Text,9463,keyword,Active,2.6,Text,Active
190,09-03-2019,jbdon_ppc_adgroup,2.461720661,9.537861915,jbdon_ppc,39,0.779510022,7,2210.625153,315.8035933,Text,8565,keyword,Active,2.6,Text,Active
191,10-03-2019,jbdon_ppc_adgroup,2.413014181,11.16666667,jbdon_ppc,50,1.291989664,10,1867.672976,186.7672976,Text,8643,keyword,Active,2.6,Text,Active
192,11-03-2019,jbdon_ppc_adgroup,2.53327878,5.739726027,jbdon_ppc,67,0.761035008,5,1664.364158,332.8728316,Text,3771,keyword,Active,2.6,Text,Active
193,12-03-2019,jbdon_ppc_adgroup,2.450329424,11.99396864,jbdon_ppc,72,0.482509047,4,2031.323093,507.8307732,Text,9943,keyword,Active,2.6,Text,Active
194,13-03-2019,jbdon_ppc_adgroup,2.507381715,14.72908367,jbdon_ppc,22,3.187250996,8,629.3528106,78.66910132,Text,3697,keyword,Active,2.6,Text,Active
195,14-03-2019,jbdon_ppc_adgroup,2.483817026,275.53125,jbdon_ppc,62,9.375,3,79.48214482,26.49404827,Text,8817,keyword,Active,2.6,Text,Active
196,15-03-2019,jbdon_ppc_adgroup,2.491239859,5.1861167,jbdon_ppc,24,0.402414487,4,2476.292419,619.0731049,Text,5155,keyword,Active,2.6,Text,Active
197,16-03-2019,jbdon_ppc_adgroup,2.412764558,0.252325581,jbdon_ppc,32,0.23255814,2,2074.97752,1037.48876,Text,217,keyword,Active,2.6,Text,Active
198,17-03-2019,jbdon_ppc_adgroup,2.399862426,2.800988875,jbdon_ppc,5,0.988875155,8,1941.488702,242.6860878,Text,2266,keyword,Active,2.6,Text,Active
199,18-03-2019,jbdon_ppc_adgroup,2.491727764,7.46875,jbdon_ppc,64,1.25,4,797.3528846,199.3382211,Text,2390,keyword,Active,2.6,Text,Active
200,19-03-2019,jbdon_ppc_adgroup,2.422114305,8.899848255,jbdon_ppc,66,0.91047041,6,1596.173327,266.0288878,Text,5865,keyword,Active,2.6,Text,Active
201,20-03-2019,jbdon_ppc_adgroup,2.44255531,740,jbdon_ppc,4,250,5,4.885110619,0.977022124,Text,1480,keyword,Active,2.6,Text,Active
202,21-03-2019,jbdon_ppc_adgroup,2.449405946,1034.222222,jbdon_ppc,78,11.11111111,1,22.04465351,22.04465351,Text,9308,keyword,Active,2.6,Text,Active
203,22-03-2019,jbdon_ppc_adgroup,2.402509088,55.73333333,jbdon_ppc,31,15.55555556,7,108.1129089,15.44470128,Text,2508,keyword,Active,2.6,Text,Active
204,23-03-2019,jbdon_ppc_adgroup,2.549974625,13.84883721,jbdon_ppc,3,2.906976744,10,877.1912711,87.71912711,Text,4764,keyword,Active,2.6,Text,Active
205,24-03-2019,jbdon_ppc_adgroup,2.528424166,10.93861386,jbdon_ppc,79,0.792079208,4,1276.854204,319.213551,Text,5524,keyword,Active,2.6,Text,Active
206,25-03-2019,jbdon_ppc_adgroup,2.434649667,22.53488372,jbdon_ppc,48,20.93023256,9,104.6899357,11.63221508,Text,969,keyword,Active,2.6,Text,Active
207,26-03-2019,jbdon_ppc_adgroup,2.416247958,2.867243867,jbdon_ppc,52,0.288600289,2,1674.459835,837.2299175,Text,1987,keyword,Active,2.6,Text,Active
208,27-03-2019,jbdon_ppc_adgroup,2.46533491,3.449877751,jbdon_ppc,47,1.222493888,10,2016.643956,201.6643956,Text,2822,keyword,Active,2.6,Text,Active
209,28-03-2019,jbdon_ppc_adgroup,2.449692646,1.411378556,jbdon_ppc,69,0.547045952,5,2239.019078,447.8038156,Text,1290,keyword,Active,2.6,Text,Active
210,29-03-2019,jbdon_ppc_adgroup,2.449597712,219.0285714,jbdon_ppc,13,22.85714286,8,85.73591994,10.71698999,Text,7666,keyword,Active,2.6,Text,Active
211,30-03-2019,jbdon_ppc_adgroup,2.42990244,9.150229358,jbdon_ppc,90,0.688073394,6,2118.874928,353.1458213,Text,7979,keyword,Active,2.6,Text,Active
212,31-03-2019,jbdon_ppc_adgroup,2.522505964,11.76824034,jbdon_ppc,8,1.287553648,3,587.7438896,195.9146299,Text,2742,keyword,Active,2.6,Text,Active
213,01-04-2019,jbdon_ppc_adgroup,2.435755306,99.19354839,jbdon_ppc,21,5.376344086,5,226.5252435,45.30504869,Text,9225,keyword,Active,2.6,Text,Active
214,02-04-2019,jbdon_ppc_adgroup,2.41189892,2.296178344,jbdon_ppc,80,0.743099788,7,2272.008782,324.5726832,Text,2163,keyword,Active,2.6,Text,Active
215,03-04-2019,jbdon_ppc_adgroup,2.535818486,23.42307692,jbdon_ppc,91,1.923076923,4,527.4502451,131.8625613,Text,4872,keyword,Active,2.6,Text,Active
216,04-04-2019,jbdon_ppc_adgroup,2.49546945,11.11609907,jbdon_ppc,49,0.92879257,6,1612.073265,268.6788775,Text,7181,keyword,Active,2.6,Text,Active
217,05-04-2019,jbdon_ppc_adgroup,2.463997575,7.145030426,jbdon_ppc,79,0.304259635,3,2429.501609,809.8338698,Text,7045,keyword,Active,2.6,Text,Active
218,06-04-2019,jbdon_ppc_adgroup,2.424455636,35.28070175,jbdon_ppc,2,3.50877193,4,276.3879425,69.09698562,Text,4022,keyword,Active,2.6,Text,Active
219,07-04-2019,jbdon_ppc_adgroup,2.483772671,8.044776119,jbdon_ppc,54,0.949796472,7,1830.540459,261.5057798,Text,5929,keyword,Active,2.6,Text,Active
220,08-04-2019,jbdon_ppc_adgroup,2.486581221,70.76691729,jbdon_ppc,52,5.263157895,7,330.7153024,47.2450432,Text,9412,keyword,Active,2.6,Text,Active
221,09-04-2019,jbdon_ppc_adgroup,2.546957128,32.36231884,jbdon_ppc,99,2.898550725,8,702.9601674,87.87002092,Text,8932,keyword,Active,2.6,Text,Active
222,10-04-2019,jbdon_ppc_adgroup,2.503032716,11.09567901,jbdon_ppc,97,3.086419753,10,810.9826,81.09826,Text,3595,keyword,Active,2.6,Text,Active
223,11-04-2019,jbdon_ppc_adgroup,2.46218294,11.6264637,jbdon_ppc,16,0.819672131,7,2102.704231,300.3863187,Text,9929,keyword,Active,2.6,Text,Active
224,12-04-2019,jbdon_ppc_adgroup,2.414794475,22.08597285,jbdon_ppc,42,1.357466063,3,533.6695789,177.8898596,Text,4881,keyword,Active,2.6,Text,Active
225,13-04-2019,jbdon_ppc_adgroup,2.50994313,78.808,jbdon_ppc,28,4,5,313.7428912,62.74857825,Text,9851,keyword,Active,2.6,Text,Active
226,14-04-2019,jbdon_ppc_adgroup,2.531107427,5.606091371,jbdon_ppc,46,0.101522843,1,2493.140816,2493.140816,Text,5522,keyword,Active,2.6,Text,Active
227,15-04-2019,jbdon_ppc_adgroup,2.406139597,9.396606575,jbdon_ppc,99,0.636267232,6,2268.98964,378.16494,Text,8861,keyword,Active,2.6,Text,Active
228,16-04-2019,jbdon_ppc_adgroup,2.520241462,90.02631579,jbdon_ppc,21,5.263157895,2,95.76917556,47.88458778,Text,3421,keyword,Active,2.6,Text,Active
229,17-04-2019,jbdon_ppc_adgroup,2.486158914,2.269430052,jbdon_ppc,27,0.518134715,2,959.6573408,479.8286704,Text,876,keyword,Active,2.6,Text,Active
230,18-04-2019,jbdon_ppc_adgroup,2.410511956,3.237995825,jbdon_ppc,78,1.043841336,10,2309.270454,230.9270454,Text,3102,keyword,Active,2.6,Text,Active
231,19-04-2019,jbdon_ppc_adgroup,2.470537521,2.105643994,jbdon_ppc,51,0.723589001,5,1707.141427,341.4282853,Text,1455,keyword,Active,2.6,Text,Active
232,20-04-2019,jbdon_ppc_adgroup,2.408350728,11.21551724,jbdon_ppc,35,0.689655172,4,1396.843422,349.2108556,Text,6505,keyword,Active,2.6,Text,Active
233,21-04-2019,jbdon_ppc_adgroup,2.447698058,9.468253968,jbdon_ppc,69,0.907029478,8,2158.869687,269.8587109,Text,8351,keyword,Active,2.6,Text,Active
234,22-04-2019,jbdon_ppc_adgroup,2.500508054,12.91333333,jbdon_ppc,80,0.666666667,1,375.0762081,375.0762081,Text,1937,keyword,Active,2.6,Text,Active
235,23-04-2019,jbdon_ppc_adgroup,2.51041303,2.687179487,jbdon_ppc,61,0.307692308,3,2447.652704,815.8842348,Text,2620,keyword,Active,2.6,Text,Active
236,24-04-2019,jbdon_ppc_adgroup,2.506961815,16.30570902,jbdon_ppc,84,0.184162063,1,1361.280266,1361.280266,Text,8854,keyword,Active,2.6,Text,Active
237,25-04-2019,jbdon_ppc_adgroup,2.535212386,9.22125182,jbdon_ppc,19,1.310043668,9,1741.690909,193.5212121,Text,6335,keyword,Active,2.6,Text,Active
238,26-04-2019,jbdon_ppc_adgroup,2.502218003,22.38502674,jbdon_ppc,64,2.139037433,8,935.8295329,116.9786916,Text,8372,keyword,Active,2.6,Text,Active
239,27-04-2019,jbdon_ppc_adgroup,2.523047094,0.068728522,jbdon_ppc,94,0.343642612,2,1468.413409,734.2067043,Text,40,keyword,Active,2.6,Text,Active
240,28-04-2019,jbdon_ppc_adgroup,2.404266655,7.50887574,jbdon_ppc,92,1.183431953,10,2031.605323,203.1605323,Text,6345,keyword,Active,2.6,Text,Active
241,29-04-2019,jbdon_ppc_adgroup,2.509136027,7.671309192,jbdon_ppc,58,1.671309192,6,900.7798336,150.1299723,Text,2754,keyword,Active,2.6,Text,Active
242,30-04-2019,jbdon_ppc_adgroup,2.54557243,809.5,jbdon_ppc,60,70,7,25.4557243,3.636532043,Text,8095,keyword,Active,2.6,Text,Active
243,01-05-2019,jbdon_ppc_adgroup,2.438950282,10.46341463,jbdon_ppc,98,0.88691796,8,2199.933154,274.9916443,Text,9438,keyword,Active,2.6,Text,Active
244,02-05-2019,jbdon_ppc_adgroup,2.475410051,10.11948052,jbdon_ppc,25,0.519480519,2,953.0328695,476.5164347,Text,3896,keyword,Active,2.6,Text,Active
245,03-05-2019,jbdon_ppc_adgroup,2.49066987,2.841269841,jbdon_ppc,4,4.761904762,6,313.8244036,52.30406727,Text,358,keyword,Active,2.6,Text,Active
246,04-05-2019,jbdon_ppc_adgroup,2.422692061,6.768571429,jbdon_ppc,80,1.428571429,5,847.9422215,169.5884443,Text,2369,keyword,Active,2.6,Text,Active
247,05-05-2019,jbdon_ppc_adgroup,2.404116112,4.51035503,jbdon_ppc,74,0.73964497,5,1625.182492,325.0364984,Text,3049,keyword,Active,2.6,Text,Active
248,06-05-2019,jbdon_ppc_adgroup,2.474972848,2.498069498,jbdon_ppc,48,0.579150579,3,1282.035935,427.3453117,Text,1294,keyword,Active,2.6,Text,Active
249,07-05-2019,jbdon_ppc_adgroup,2.454041267,15.26699834,jbdon_ppc,96,0.663349917,4,1479.786884,369.946721,Text,9206,keyword,Active,2.6,Text,Active
250,08-05-2019,jbdon_ppc_adgroup,2.424252218,11.0528169,jbdon_ppc,4,0.234741784,2,2065.46289,1032.731445,Text,9417,keyword,Active,2.6,Text,Active
251,09-05-2019,jbdon_ppc_adgroup,2.396882726,4.008431703,jbdon_ppc,50,0.674536256,4,1421.351456,355.3378641,Text,2377,keyword,Active,2.6,Text,Active
252,10-05-2019,jbdon_ppc_adgroup,2.481001688,20.57419355,jbdon_ppc,44,1.935483871,6,769.1105233,128.1850872,Text,6378,keyword,Active,2.6,Text,Active
253,11-05-2019,jbdon_ppc_adgroup,2.522373862,2.691680261,jbdon_ppc,77,1.305057096,8,1546.215178,193.2768972,Text,1650,keyword,Active,2.6,Text,Active
254,12-05-2019,jbdon_ppc_adgroup,2.538489102,18.57220708,jbdon_ppc,60,2.452316076,9,931.6255005,103.5139445,Text,6816,keyword,Active,2.6,Text,Active
255,13-05-2019,jbdon_ppc_adgroup,2.462727379,0.696,jbdon_ppc,50,2.4,3,307.8409224,102.6136408,Text,87,keyword,Active,2.6,Text,Active
256,14-05-2019,jbdon_ppc_adgroup,2.484005074,9.226364847,jbdon_ppc,40,1.19840213,9,1865.48781,207.2764234,Text,6929,keyword,Active,2.6,Text,Active
257,15-05-2019,jbdon_ppc_adgroup,2.453910992,33.8125,jbdon_ppc,63,6.25,9,353.3631829,39.26257587,Text,4869,keyword,Active,2.6,Text,Active
258,16-05-2019,jbdon_ppc_adgroup,2.432364865,2.860115607,jbdon_ppc,14,0.115606936,1,2103.995609,2103.995609,Text,2474,keyword,Active,2.6,Text,Active
259,17-05-2019,jbdon_ppc_adgroup,2.508084466,24.28717949,jbdon_ppc,30,1.282051282,5,978.1529417,195.6305883,Text,9472,keyword,Active,2.6,Text,Active
260,18-05-2019,jbdon_ppc_adgroup,2.532176457,28.76136364,jbdon_ppc,35,0.378787879,1,668.4945845,668.4945845,Text,7593,keyword,Active,2.6,Text,Active
261,19-05-2019,jbdon_ppc_adgroup,2.535585402,17.06118547,jbdon_ppc,85,1.147227533,6,1326.111165,221.0185275,Text,8923,keyword,Active,2.6,Text,Active
262,20-05-2019,jbdon_ppc_adgroup,2.39262901,14.23319328,jbdon_ppc,37,0.420168067,2,1138.891409,569.4457045,Text,6775,keyword,Active,2.6,Text,Active
263,21-05-2019,jbdon_ppc_adgroup,2.448610881,32.15447154,jbdon_ppc,33,8.130081301,10,301.1791383,30.11791383,Text,3955,keyword,Active,2.6,Text,Active
264,22-05-2019,jbdon_ppc_adgroup,2.399807327,72.89473684,jbdon_ppc,37,10.52631579,6,136.7890176,22.79816961,Text,4155,keyword,Active,2.6,Text,Active
265,23-05-2019,jbdon_ppc_adgroup,2.463527444,0.409815951,jbdon_ppc,61,0.981595092,8,2007.774867,250.9718584,Text,334,keyword,Active,2.6,Text,Active
266,24-05-2019,jbdon_ppc_adgroup,2.444578962,19.79428571,jbdon_ppc,86,3.428571429,6,427.8013183,71.30021972,Text,3464,keyword,Active,2.6,Text,Active
267,25-05-2019,jbdon_ppc_adgroup,2.503253899,3.920180723,jbdon_ppc,3,0.753012048,5,1662.160589,332.4321177,Text,2603,keyword,Active,2.6,Text,Active
268,26-05-2019,jbdon_ppc_adgroup,2.485818302,5.47300216,jbdon_ppc,75,0.215982721,1,1150.933874,1150.933874,Text,2534,keyword,Active,2.6,Text,Active
269,27-05-2019,jbdon_ppc_adgroup,2.510893755,96.47916667,jbdon_ppc,27,4.166666667,4,241.0458005,60.26145013,Text,9262,keyword,Active,2.6,Text,Active
270,28-05-2019,jbdon_ppc_adgroup,2.437203649,164.7555556,jbdon_ppc,22,11.11111111,5,109.6741642,21.93483284,Text,7414,keyword,Active,2.6,Text,Active
271,29-05-2019,jbdon_ppc_adgroup,2.548880821,35.82446809,jbdon_ppc,79,3.723404255,7,479.1895943,68.45565632,Text,6735,keyword,Active,2.6,Text,Active
272,30-05-2019,jbdon_ppc_adgroup,2.392171202,5.453954496,jbdon_ppc,14,0.325027086,3,2207.974019,735.9913398,Text,5034,keyword,Active,2.6,Text,Active
273,31-05-2019,jbdon_ppc_adgroup,2.43033637,3.49034749,jbdon_ppc,43,0.643500644,5,1888.371359,377.6742719,Text,2712,keyword,Active,2.6,Text,Active
274,01-06-2019,jbdon_ppc_adgroup,2.477312793,4.767195767,jbdon_ppc,3,0.634920635,6,2341.06059,390.1767649,Text,4505,keyword,Active,2.6,Text,Active
275,02-06-2019,jbdon_ppc_adgroup,2.532016673,6.502103787,jbdon_ppc,65,1.122019635,8,1805.327888,225.665986,Text,4636,keyword,Active,2.6,Text,Active
276,03-06-2019,jbdon_ppc_adgroup,2.399065178,21.69714286,jbdon_ppc,22,1.142857143,4,839.6728123,209.9182031,Text,7594,keyword,Active,2.6,Text,Active
277,04-06-2019,jbdon_ppc_adgroup,2.39170367,9.23027027,jbdon_ppc,61,1.081081081,10,2212.325895,221.2325895,Text,8538,keyword,Active,2.6,Text,Active
278,05-06-2019,jbdon_ppc_adgroup,2.423953849,48.12738854,jbdon_ppc,20,3.821656051,6,380.5607543,63.42679238,Text,7556,keyword,Active,2.6,Text,Active
279,06-06-2019,jbdon_ppc_adgroup,2.546236651,6.00462963,jbdon_ppc,96,0.347222222,3,2199.948466,733.3161555,Text,5188,keyword,Active,2.6,Text,Active
280,07-06-2019,jbdon_ppc_adgroup,2.413901439,35.31021898,jbdon_ppc,93,3.649635036,10,661.4089942,66.14089942,Text,9675,keyword,Active,2.6,Text,Active
281,08-06-2019,jbdon_ppc_adgroup,2.516766483,13.58796296,jbdon_ppc,77,2.314814815,5,543.6215603,108.7243121,Text,2935,keyword,Active,2.6,Text,Active
282,09-06-2019,jbdon_ppc_adgroup,2.489961241,3.367088608,jbdon_ppc,24,0.361663653,2,1376.948566,688.4742832,Text,1862,keyword,Active,2.6,Text,Active
283,10-06-2019,jbdon_ppc_adgroup,2.465643888,362.6666667,jbdon_ppc,17,33.33333333,6,44.38158998,7.396931663,Text,6528,keyword,Active,2.6,Text,Active
284,11-06-2019,jbdon_ppc_adgroup,2.448807723,5.944146079,jbdon_ppc,35,0.214822771,2,2279.83999,1139.919995,Text,5534,keyword,Active,2.6,Text,Active
285,12-06-2019,jbdon_ppc_adgroup,2.470225118,5.08,jbdon_ppc,61,0.148148148,1,1667.401955,1667.401955,Text,3429,keyword,Active,2.6,Text,Active
286,13-06-2019,jbdon_ppc_adgroup,2.409084365,16.73873874,jbdon_ppc,41,1.801801802,2,267.4083645,133.7041822,Text,1858,keyword,Active,2.6,Text,Active
287,14-06-2019,jbdon_ppc_adgroup,2.529458879,119.0232558,jbdon_ppc,66,16.27906977,7,108.7667318,15.53810454,Text,5118,keyword,Active,2.6,Text,Active
288,15-06-2019,jbdon_ppc_adgroup,2.546565567,6.379084967,jbdon_ppc,4,0.490196078,3,1558.498127,519.4993757,Text,3904,keyword,Active,2.6,Text,Active
289,16-06-2019,jbdon_ppc_adgroup,2.424938771,1.881111111,jbdon_ppc,35,0.444444444,4,2182.444894,545.6112235,Text,1693,keyword,Active,2.6,Text,Active
290,17-06-2019,jbdon_ppc_adgroup,2.445138828,1.407704655,jbdon_ppc,81,0.160513644,1,1523.32149,1523.32149,Text,877,keyword,Active,2.6,Text,Active
291,18-06-2019,jbdon_ppc_adgroup,2.503949156,6.318534961,jbdon_ppc,54,0.554938957,5,2256.05819,451.2116379,Text,5693,keyword,Active,2.6,Text,Active
292,19-06-2019,jbdon_ppc_adgroup,2.4728328,40.61261261,jbdon_ppc,21,3.153153153,7,548.9688817,78.42412595,Text,9016,keyword,Active,2.6,Text,Active
293,20-06-2019,jbdon_ppc_adgroup,2.489506509,82.30701754,jbdon_ppc,90,0.877192982,1,283.803742,283.803742,Text,9383,keyword,Active,2.6,Text,Active
294,21-06-2019,jbdon_ppc_adgroup,2.487165531,9.41473397,jbdon_ppc,51,1.36425648,10,1823.092334,182.3092334,Text,6901,keyword,Active,2.6,Text,Active
295,22-06-2019,jbdon_ppc_adgroup,2.435294782,16,jbdon_ppc,12,1.886792453,2,258.1412469,129.0706234,Text,1696,keyword,Active,2.6,Text,Active
296,23-06-2019,jbdon_ppc_adgroup,2.489850948,6.298039216,jbdon_ppc,20,2.745098039,7,634.9119919,90.70171312,Text,1606,keyword,Active,2.6,Text,Active
297,24-06-2019,jbdon_ppc_adgroup,2.500986566,158.0555556,jbdon_ppc,48,16.66666667,3,45.0177582,15.0059194,Text,2845,keyword,Active,2.6,Text,Active
298,25-06-2019,jbdon_ppc_adgroup,2.526764897,2.09375,jbdon_ppc,82,1.041666667,10,2425.694301,242.5694301,Text,2010,keyword,Active,2.6,Text,Active
299,26-06-2019,jbdon_ppc_adgroup,2.469925938,1.415189873,jbdon_ppc,14,2.278481013,9,975.6207454,108.402305,Text,559,keyword,Active,2.6,Text,Active
300,27-06-2019,jbdon_ppc_adgroup,2.447607905,8.762135922,jbdon_ppc,47,0.36407767,3,2016.828914,672.2763046,Text,7220,keyword,Active,2.6,Text,Active
301,28-06-2019,jbdon_ppc_adgroup,2.473494874,3.707219251,jbdon_ppc,75,1.203208556,9,1850.174166,205.5749073,Text,2773,keyword,Active,2.6,Text,Active
302,29-06-2019,jbdon_ppc_adgroup,2.512547683,18.33442623,jbdon_ppc,30,0.655737705,2,766.3270434,383.1635217,Text,5592,keyword,Active,2.6,Text,Active
303,30-06-2019,jbdon_ppc_adgroup,2.409846131,46.88942308,jbdon_ppc,80,0.480769231,1,501.2479953,501.2479953,Text,9753,keyword,Active,2.6,Text,Active
304,01-07-2019,jbdon_ppc_adgroup,2.498489421,25.09774436,jbdon_ppc,9,1.503759398,2,332.299093,166.1495465,Text,3338,keyword,Active,2.6,Text,Active
305,02-07-2019,jbdon_ppc_adgroup,2.491483371,33.5037037,jbdon_ppc,42,5.185185185,7,336.3502551,48.05003644,Text,4523,keyword,Active,2.6,Text,Active
306,03-07-2019,jbdon_ppc_adgroup,2.398244562,21.41176471,jbdon_ppc,16,0.840336134,1,285.3911029,285.3911029,Text,2548,keyword,Active,2.6,Text,Active
307,04-07-2019,jbdon_ppc_adgroup,2.531135533,5.484615385,jbdon_ppc,69,2.051282051,8,987.1428579,123.3928572,Text,2139,keyword,Active,2.6,Text,Active
308,05-07-2019,jbdon_ppc_adgroup,2.396236098,4.417797888,jbdon_ppc,30,1.206636501,8,1588.704533,198.5880667,Text,2929,keyword,Active,2.6,Text,Active
309,06-07-2019,jbdon_ppc_adgroup,2.498884164,8.415384615,jbdon_ppc,27,1.846153846,6,812.1373534,135.3562256,Text,2735,keyword,Active,2.6,Text,Active
310,07-07-2019,jbdon_ppc_adgroup,2.457168035,16.13812155,jbdon_ppc,7,1.657458564,9,1334.242243,148.2491381,Text,8763,keyword,Active,2.6,Text,Active
311,08-07-2019,jbdon_ppc_adgroup,2.408535023,8.081659973,jbdon_ppc,91,0.93708166,7,1799.175662,257.0250946,Text,6037,keyword,Active,2.6,Text,Active
312,09-07-2019,jbdon_ppc_adgroup,2.393256431,47.63945578,jbdon_ppc,85,6.12244898,9,351.8086953,39.08985504,Text,7003,keyword,Active,2.6,Text,Active
313,10-07-2019,jbdon_ppc_adgroup,2.410181865,2.296450939,jbdon_ppc,83,2.087682672,10,1154.477114,115.4477114,Text,1100,keyword,Active,2.6,Text,Active
314,11-07-2019,jbdon_ppc_adgroup,2.443135395,10.77841561,jbdon_ppc,33,0.229621125,2,2127.970929,1063.985465,Text,9388,keyword,Active,2.6,Text,Active
315,12-07-2019,jbdon_ppc_adgroup,2.398999415,7.36797066,jbdon_ppc,73,0.122249389,1,1962.381521,1962.381521,Text,6027,keyword,Active,2.6,Text,Active
316,13-07-2019,jbdon_ppc_adgroup,2.425758271,1.957070707,jbdon_ppc,50,1.262626263,5,960.6002753,192.1200551,Text,775,keyword,Active,2.6,Text,Active
317,14-07-2019,jbdon_ppc_adgroup,2.440094598,27.05194805,jbdon_ppc,44,2.597402597,8,751.5491361,93.94364202,Text,8332,keyword,Active,2.6,Text,Active
318,15-07-2019,jbdon_ppc_adgroup,2.462871015,4.628647215,jbdon_ppc,31,1.591511936,6,928.5023727,154.7503954,Text,1745,keyword,Active,2.6,Text,Active
319,16-07-2019,jbdon_ppc_adgroup,2.450341671,43.05429864,jbdon_ppc,39,0.904977376,2,541.5255094,270.7627547,Text,9515,keyword,Active,2.6,Text,Active
320,17-07-2019,jbdon_ppc_adgroup,2.470073052,15.06818182,jbdon_ppc,43,0.20661157,1,1195.515357,1195.515357,Text,7293,keyword,Active,2.6,Text,Active
321,18-07-2019,jbdon_ppc_adgroup,2.482504902,10.52618454,jbdon_ppc,61,0.748129676,6,1990.968931,331.8281552,Text,8442,keyword,Active,2.6,Text,Active
322,19-07-2019,jbdon_ppc_adgroup,2.440355607,24.65900383,jbdon_ppc,2,1.915708812,5,636.9328133,127.3865627,Text,6436,keyword,Active,2.6,Text,Active
323,20-07-2019,jbdon_ppc_adgroup,2.461368466,9.023715415,jbdon_ppc,35,0.131752306,1,1868.178665,1868.178665,Text,6849,keyword,Active,2.6,Text,Active
324,21-07-2019,jbdon_ppc_adgroup,2.521803594,9.345523329,jbdon_ppc,30,0.882723834,7,1999.79025,285.6843214,Text,7411,keyword,Active,2.6,Text,Active
325,22-07-2019,jbdon_ppc_adgroup,2.41646579,4.13622291,jbdon_ppc,63,3.095975232,10,780.5184501,78.05184501,Text,1336,keyword,Active,2.6,Text,Active
326,23-07-2019,jbdon_ppc_adgroup,2.519387548,8.821345708,jbdon_ppc,20,1.856148492,8,1085.856033,135.7320041,Text,3802,keyword,Active,2.6,Text,Active
327,24-07-2019,jbdon_ppc_adgroup,2.545633165,2308.5,jbdon_ppc,5,150,6,10.18253266,1.697088776,Text,9234,keyword,Active,2.6,Text,Active
328,25-07-2019,jbdon_ppc_adgroup,2.508212306,13.13742072,jbdon_ppc,25,1.057082452,5,1186.384421,237.2768841,Text,6214,keyword,Active,2.6,Text,Active
329,26-07-2019,jbdon_ppc_adgroup,2.514417855,6.789725209,jbdon_ppc,69,0.955794504,8,2104.567745,263.0709681,Text,5683,keyword,Active,2.6,Text,Active
330,27-07-2019,jbdon_ppc_adgroup,2.406127928,7.047381546,jbdon_ppc,69,0.623441397,5,1929.714598,385.9429196,Text,5652,keyword,Active,2.6,Text,Active
331,28-07-2019,jbdon_ppc_adgroup,2.506342668,16.20682303,jbdon_ppc,37,1.70575693,8,1175.474711,146.9343389,Text,7601,keyword,Active,2.6,Text,Active
332,29-07-2019,jbdon_ppc_adgroup,2.522456534,12.37142857,jbdon_ppc,17,0.902255639,6,1677.433595,279.5722658,Text,8227,keyword,Active,2.6,Text,Active
333,30-07-2019,jbdon_ppc_adgroup,2.426375901,25.49019608,jbdon_ppc,86,1.960784314,7,866.2161967,123.745171,Text,9100,keyword,Active,2.6,Text,Active
334,31-07-2019,jbdon_ppc_adgroup,2.428032787,12.23376623,jbdon_ppc,32,0.721500722,5,1682.626721,336.5253443,Text,8478,keyword,Active,2.6,Text,Active
335,01-08-2019,jbdon_ppc_adgroup,2.528685878,130.5882353,jbdon_ppc,99,35.29411765,6,42.98765993,7.164609988,Text,2220,keyword,Active,2.6,Text,Active
336,02-08-2019,jbdon_ppc_adgroup,2.399687799,5.808695652,jbdon_ppc,26,3.043478261,7,551.9281938,78.84688483,Text,1336,keyword,Active,2.6,Text,Active
337,03-08-2019,jbdon_ppc_adgroup,2.474243945,25.7826087,jbdon_ppc,17,17.39130435,4,56.90761073,14.22690268,Text,593,keyword,Active,2.6,Text,Active
338,04-08-2019,jbdon_ppc_adgroup,2.546129341,166.1052632,jbdon_ppc,50,5.263157895,2,96.75291497,48.37645748,Text,6312,keyword,Active,2.6,Text,Active
339,05-08-2019,jbdon_ppc_adgroup,2.51772956,1.737196765,jbdon_ppc,3,1.347708895,10,1868.155334,186.8155334,Text,1289,keyword,Active,2.6,Text,Active
340,06-08-2019,jbdon_ppc_adgroup,2.477210929,247.1666667,jbdon_ppc,83,4.166666667,1,59.45306229,59.45306229,Text,5932,keyword,Active,2.6,Text,Active
341,07-08-2019,jbdon_ppc_adgroup,2.399248432,3.998473282,jbdon_ppc,94,1.526717557,10,1571.507723,157.1507723,Text,2619,keyword,Active,2.6,Text,Active
342,08-08-2019,jbdon_ppc_adgroup,2.51794318,22.76056338,jbdon_ppc,95,2.34741784,10,1072.643795,107.2643795,Text,9696,keyword,Active,2.6,Text,Active
343,09-08-2019,jbdon_ppc_adgroup,2.489633187,134.5441176,jbdon_ppc,89,13.23529412,9,169.2950567,18.81056186,Text,9149,keyword,Active,2.6,Text,Active
344,10-08-2019,jbdon_ppc_adgroup,2.407866897,6.338064516,jbdon_ppc,60,0.129032258,1,1866.096845,1866.096845,Text,4912,keyword,Active,2.6,Text,Active
345,11-08-2019,jbdon_ppc_adgroup,2.407715508,7.515248796,jbdon_ppc,75,0.642054575,4,1500.006761,375.0016903,Text,4682,keyword,Active,2.6,Text,Active
346,12-08-2019,jbdon_ppc_adgroup,2.536923658,2.909920182,jbdon_ppc,1,0.684150513,6,2224.882048,370.8136747,Text,2552,keyword,Active,2.6,Text,Active
347,13-08-2019,jbdon_ppc_adgroup,2.433847092,22.4962406,jbdon_ppc,70,2.005012531,8,971.1049897,121.3881237,Text,8976,keyword,Active,2.6,Text,Active
348,14-08-2019,jbdon_ppc_adgroup,2.478030062,36.65853659,jbdon_ppc,11,6.097560976,10,406.3969301,40.63969301,Text,6012,keyword,Active,2.6,Text,Active
349,15-08-2019,jbdon_ppc_adgroup,2.430228537,1.44140625,jbdon_ppc,88,2.34375,6,622.1385056,103.6897509,Text,369,keyword,Active,2.6,Text,Active
350,16-08-2019,jbdon_ppc_adgroup,2.451382648,3.47311828,jbdon_ppc,76,1.720430108,8,1139.892931,142.4866164,Text,1615,keyword,Active,2.6,Text,Active
351,17-08-2019,jbdon_ppc_adgroup,2.538827597,2.31713555,jbdon_ppc,62,0.895140665,7,1985.363181,283.6233116,Text,1812,keyword,Active,2.6,Text,Active
352,18-08-2019,jbdon_ppc_adgroup,2.414927767,1.095427435,jbdon_ppc,25,0.397614314,2,1214.708667,607.3543335,Text,551,keyword,Active,2.6,Text,Active
353,19-08-2019,jbdon_ppc_adgroup,2.412613553,54.49673203,jbdon_ppc,31,5.882352941,9,369.1298737,41.01443041,Text,8338,keyword,Active,2.6,Text,Active
354,20-08-2019,jbdon_ppc_adgroup,2.426928828,41.77622378,jbdon_ppc,62,4.895104895,7,347.0508224,49.57868892,Text,5974,keyword,Active,2.6,Text,Active
355,21-08-2019,jbdon_ppc_adgroup,2.433785925,4.381443299,jbdon_ppc,82,0.386597938,3,1888.617878,629.5392926,Text,3400,keyword,Active,2.6,Text,Active
356,22-08-2019,jbdon_ppc_adgroup,2.52423069,34.65044248,jbdon_ppc,83,2.654867257,6,570.4761358,95.07935597,Text,7831,keyword,Active,2.6,Text,Active
357,23-08-2019,jbdon_ppc_adgroup,2.464271124,9.985619469,jbdon_ppc,45,0.774336283,7,2227.701096,318.2430137,Text,9027,keyword,Active,2.6,Text,Active
358,24-08-2019,jbdon_ppc_adgroup,2.402170763,15.69117647,jbdon_ppc,76,1.680672269,8,1143.433283,142.9291604,Text,7469,keyword,Active,2.6,Text,Active
359,25-08-2019,jbdon_ppc_adgroup,2.453373804,2.295489891,jbdon_ppc,37,1.399688958,9,1577.519356,175.2799285,Text,1476,keyword,Active,2.6,Text,Active
360,26-08-2019,jbdon_ppc_adgroup,2.436434172,19.41424802,jbdon_ppc,100,2.110817942,8,923.4085513,115.4260689,Text,7358,keyword,Active,2.6,Text,Active
361,27-08-2019,jbdon_ppc_adgroup,2.430487798,9.287378641,jbdon_ppc,81,0.776699029,4,1251.701216,312.925304,Text,4783,keyword,Active,2.6,Text,Active
362,28-08-2019,jbdon_ppc_adgroup,2.394921004,8.538243626,jbdon_ppc,28,2.549575071,9,845.4071145,93.93412383,Text,3014,keyword,Active,2.6,Text,Active
363,29-08-2019,jbdon_ppc_adgroup,2.413628103,0.008695652,jbdon_ppc,76,4.347826087,5,277.5672318,55.51344636,Text,1,keyword,Active,2.6,Text,Active
364,30-08-2019,jbdon_ppc_adgroup,2.454400783,8.263269639,jbdon_ppc,66,2.123142251,10,1156.022769,115.6022769,Text,3892,keyword,Active,2.6,Text,Active
365,31-08-2019,jbdon_ppc_adgroup,2.482540417,8.23518851,jbdon_ppc,13,1.256732496,7,1382.775012,197.5392875,Text,4587,keyword,Active,2.6,Text,Active
